"","E_Scblty","E_Assert","E_EnerLev","A_Cmpn","A_Rspct","A_Trust","C_Org","C_Prdctv","C_Rspnbl","N_Anxty","N_Depr","N_EmoVol","O_IntCur","O_AesSens","O_CrtvImag","tired","angry","E_Scbltylag","E_Assertlag","E_EnerLevlag","A_Cmpnlag","A_Rspctlag","A_Trustlag","C_Orglag","C_Prdctvlag","C_Rspnbllag","N_Anxtylag","N_Deprlag","N_EmoVollag","O_IntCurlag","O_AesSenslag","O_CrtvImaglag","tiredlag","angrylag"
"E_Scblty",0,0.1646,0,0,0.2019,0,0,0,0,0,0,0.123,0,0,0,0,0,0.1519,0,0,0.1468,0,0,0,0,0,0,0,0,0,0.1595,0,0,0
"E_Assert",0,0,0,0,0,0,0,0,0,0,0,0,0.1036,0,0,0,0,0,0.1418,0,0,0,0,0,0,0,0,0,0,0,0,0,0.1469,0
"E_EnerLev",0,0,0,0,0,0,0,0,0,0,0,0,0.083,0,0,0,0.0843,0,0,0.116,0,0.1703,0,0,0.0723,0,0,0,0,0,0,0,0,0
"A_Cmpn",0,0,0,0,0,0,0,0,0,0.0691,0,0,0,0,0,0,0,0,0,0,0.1096,0,0,0,0,0,0,0,0,0,0,0,0,0
"A_Rspct",0,0,0,0,0,0,0,0,0,0,0.0563,0,0,0.0804,0,0,0,0,0.0772,0,0,0.1277,0,0,0,0,0.0533,0,0,0,0,0,0,0
"A_Trust",0,0,0,0.0957,0,0,0,0,0,0,0,0,0,0,0.0568,0,0,0,0,0.0907,0,0,0.1048,0,0,0,0,0,0,0,0.0995,0,0,0.0927
"C_Org",0.1156,0.1793,0,0,0,0,0,0,0,0,0,0,0,0,0,0,0,0,0,0,0,0,0,0.1343,0,0,0,0,0,0,0,0,0,0
"C_Prdctv",0,0,0.2037,0,0,0,0,0,0.2108,0,0,0,0,0,0,0,0,0,0,0,0,0,0,0,0.1425,0,0,0,0,0,0,0,0,0
"C_Rspnbl",0,0,0,0.0372,0,0.0282,0,0,0,0,0.0261,0.0261,0,0.0335,0,0,0.0205,0.0285,0.0249,0,0,0,0,0.0182,0.0186,0.0443,0,0,0.0378,0,0.0305,0.0198,0.0515,0
"N_Anxty",0,0,0,0,0,0,0,0,3.0799,0,5.2458,0,0,0,0,0,2.1948,0,0,0,0,0,0,0,0,0,2.7576,0,0,0,0,0,0,0
"N_Depr",0,0,0,0.0968,0,0,0,0,0,0.0792,0,0,0,0,0,0,0,0,0.087,0,0.0991,0,0,0,0.0444,0,0.1111,0.1317,0.082,0,0.0946,0,0,0.1088
"N_EmoVol",0,0,0,0,0,0,0,0,0,0,0.06,0,0.0549,0,0.0571,0,0,0.0603,0,0,0,0.1101,0,0,0,0,0,0.0696,0.0947,0.0493,0,0,0,0.0772
"O_IntCur",0.0728,0,0,0.1205,0,0,0,0,0,0,0,0,0,0,0.0702,0,0,0,0.1105,0.1051,0,0,0,0,0,0,0,0,0,0.0944,0.1362,0.076,0,0
"O_AesSens",0,0,0,0,0,0,0,0,0,0,0,0,0,0,0,0.1731,0,0,0,0,0,0,0,0,0,0,0,0,0,0,0.1193,0,0,0
"O_CrtvImag",0,0,0,0.1531,0,0,0,0.0837,0,0,0.1215,0,0,0.1799,0,0,0,0,0,0,0,0,0,0,0,0,0,0,0,0,0,0.1043,0,0
"angry",0,0,0,0,0,0.0734,0,0,0,0,0.052,0,0,0,0,0,0,0,0,0.0867,0.0984,0,0,0.0406,0.041,0,0.0674,0.0839,0,0.0812,0,0.0447,0,0.0816
"tired",0,0,0.0729,0,0,0,0,0,0,0.0536,0,0,0,0,0,0,0,0,0,0,0,0,0,0,0.052,0,0,0,0,0,0,0,0.1063,0
