"","E_Scblty","E_Assert","E_EnerLev","A_Cmpn","A_Rspct","A_Trust","C_Org","C_Prdctv","C_Rspnbl","N_Anxty","N_Depr","N_EmoVol","O_IntCur","O_AesSens","O_CrtvImag","angry","E_Scbltylag","E_Assertlag","E_EnerLevlag","A_Cmpnlag","A_Rspctlag","A_Trustlag","C_Orglag","C_Prdctvlag","C_Rspnbllag","N_Anxtylag","N_Deprlag","N_EmoVollag","O_IntCurlag","O_AesSenslag","O_CrtvImaglag","angrylag"
"E_Scblty",0.6294,0,0,0,0,0,0,0,0,0,0,0,0,0,0,0,0,0,0,0,0,0,0,0,0,0,0,0,0,0,0,0
"E_Assert",0,0.7149,0,0,0,0,0,0,0,0,0,0,0,0,0,0,0,0,0,0,0,0,0,0,0,0,0,0,0,0,0,0
"E_EnerLev",0,0,0.3451,0,0,0,0,0,0,0,0,0,0,0,0,0,0,0,0,0,0,0,0,0,0,0,0,0,0,0,0,0
"A_Cmpn",0,0,0,0.6078,0,0,0,0,0,0,0,0,0,0,0,0,0,0,0,0,0,0,0,0,0,0,0,0,0,0,0,0
"A_Rspct",0,0,0,0,0.2031,0,0,0,0,0,0,0,0,0,0,0,0,0,0,0,0,0,0,0,0,0,0,0,0,0,0,0
"A_Trust",0,0,0,0,0,0.6795,0,0,0,0,0,0,0,0,0,0,0,0,0,0,0,0,0,0,0,0,0,0,0,0,0,0
"C_Org",0,0,0,0,0,0,0.5244,0,0,0,0,0,0,0,0,0,0,0,0,0,0,0,0,0,0,0,0,0,0,0,0,0
"C_Prdctv",0,0,0,0,0,0,0,0.832,0,0,0,0,0,0,0,0,0,0,0,0,0,0,0,0,0,0,0,0,0,0,0,0
"C_Rspnbl",0,0,0,0,0,0,0,0,0.2387,0,0,0,0,0,0,0,0,0,0,0,0,0,0,0,0,0,0,0,0,0,0,0
"N_Anxty",0,0,0,0,0,0,0,0,0,0.8417,0,0,0,0,0,0,0,0,0,0,0,0,0,0,0,0,0,0,0,0,0,0
"N_Depr",0,0,0,0,0,0,0,0,0,0,0.9357,0,0,0,0,0,0,0,0,0,0,0,0,0,0,0,0,0,0,0,0,0
"N_EmoVol",0,0,0,0,0,0,0,0,0,0,0,0.248,0,0,0,0,0,0,0,0,0,0,0,0,0,0,0,0,0,0,0,0
"O_IntCur",0,0,0,0,0,0,0,0,0,0,0,0,1.5997,0,0,0,0,0,0,0,0,0,0,0,0,0,0,0,0,0,0,0
"O_AesSens",0,0,0,0,0,0,0,0,0,0,0,0,0,0.7377,0,0,0,0,0,0,0,0,0,0,0,0,0,0,0,0,0,0
"O_CrtvImag",0,0,0,0,0,0,0,0,0,0,0,0,0,0,1.3553,0,0,0,0,0,0,0,0,0,0,0,0,0,0,0,0,0
"angry",0,0,0,0,0,0,0,0,0,0,0,0,0,0,0,0.3375,0,0,0,0,0,0,0,0,0,0,0,0,0,0,0,0
