"","E_Scblty","E_Assert","E_EnerLev","A_Cmpn","A_Rspct","A_Trust","C_Org","C_Prdctv","C_Rspnbl","N_Anxty","N_Depr","N_EmoVol","O_IntCur","O_AesSens","O_CrtvImag","AnxSWk","angry","E_Scbltylag","E_Assertlag","E_EnerLevlag","A_Cmpnlag","A_Rspctlag","A_Trustlag","C_Orglag","C_Prdctvlag","C_Rspnbllag","N_Anxtylag","N_Deprlag","N_EmoVollag","O_IntCurlag","O_AesSenslag","O_CrtvImaglag","AnxSWklag","angrylag"
"E_Scblty",0.0256,0,0,0,0,0,0,0,0,0,0,0,0,0,0,0,0,0,0,0,0,0,0,0,0,0,0,0,0,0,0,0,0,0
"E_Assert",0,0.0856,0,0,0,0,0,0,0,0,0,0,0,0,0,0,0,0,0,0,0,0,0,0,0,0,0,0,0,0,0,0,0,0
"E_EnerLev",0,0,0.3536,0,0,0,0,0,0,0,0,0,0,0,0,0,0,0,0,0,0,0,0,0,0,0,0,0,0,0,0,0,0,0
"A_Cmpn",0,0,0,0.5235,0,0,0,0,0,0,0,0,0,0,0,0,0,0,0,0,0,0,0,0,0,0,0,0,0,0,0,0,0,0
"A_Rspct",0,0,0,0,0.1624,0,0,0,0,0,0,0,0,0,0,0,0,0,0,0,0,0,0,0,0,0,0,0,0,0,0,0,0,0
"A_Trust",0,0,0,0,0,0.22,0,0,0,0,0,0,0,0,0,0,0,0,0,0,0,0,0,0,0,0,0,0,0,0,0,0,0,0
"C_Org",0,0,0,0,0,0,0.1691,0,0,0,0,0,0,0,0,0,0,0,0,0,0,0,0,0,0,0,0,0,0,0,0,0,0,0
"C_Prdctv",0,0,0,0,0,0,0,0.4085,0,0,0,0,0,0,0,0,0,0,0,0,0,0,0,0,0,0,0,0,0,0,0,0,0,0
"C_Rspnbl",0,0,0,0,0,0,0,0,0.0872,0,0,0,0,0,0,0,0,0,0,0,0,0,0,0,0,0,0,0,0,0,0,0,0,0
"N_Anxty",0,0,0,0,0,0,0,0,0,0.4255,0,0,0,0,0,0,0,0,0,0,0,0,0,0,0,0,0,0,0,0,0,0,0,0
"N_Depr",0,0,0,0,0,0,0,0,0,0,0.4648,0,0,0,0,0,0,0,0,0,0,0,0,0,0,0,0,0,0,0,0,0,0,0
"N_EmoVol",0,0,0,0,0,0,0,0,0,0,0,0.3488,0,0,0,0,0,0,0,0,0,0,0,0,0,0,0,0,0,0,0,0,0,0
"O_IntCur",0,0,0,0,0,0,0,0,0,0,0,0,0.2706,0,0,0,0,0,0,0,0,0,0,0,0,0,0,0,0,0,0,0,0,0
"O_AesSens",0,0,0,0,0,0,0,0,0,0,0,0,0,0.2195,0,0,0,0,0,0,0,0,0,0,0,0,0,0,0,0,0,0,0,0
"O_CrtvImag",0,0,0,0,0,0,0,0,0,0,0,0,0,0,0.1292,0,0,0,0,0,0,0,0,0,0,0,0,0,0,0,0,0,0,0
"angry",0,0,0,0,0,0,0,0,0,0,0,0,0,0,0,0,7e-04,0,0,0,0,0,0,0,0,0,0,0,0,0,0,0,0,0
"AnxSWk",0,0,0,0,0,0,0,0,0,0,0,0,0,0,0,0.1595,0,0,0,0,0,0,0,0,0,0,0,0,0,0,0,0,0,0
